335;3;39.4488985,0.3631197;;Palmera;http://mapas.valencia.es/lanzadera/opendata/ARBOLADO_MONUMENTAL/documentos/4440/99110691-118.jpg;;http://localhost/mipetitvalencia/wp-content/uploads/2018/04/arbol.png;39,4488985;0,3631197
336;3;39.44884318,0.36323987;;Palmera;http://mapas.valencia.es/lanzadera/opendata/ARBOLADO_MONUMENTAL/documentos/4441/99110691-155.jpg;;http://localhost/mipetitvalencia/wp-content/uploads/2018/04/arbol.png;39,44884318;0,36323987
10;3;39.44507906,0.37240455;;Palmera;http://mapas.valencia.es/lanzadera/opendata/ARBOLADO_MONUMENTAL/documentos/4442/99110626-1275.jpg;;http://localhost/mipetitvalencia/wp-content/uploads/2018/04/arbol.png;39,44507906;0,37240455
11;3;39.44515436,0.37222023;;Palmera;http://mapas.valencia.es/lanzadera/opendata/ARBOLADO_MONUMENTAL/documentos/4443/99110626-1282.jpg;;http://localhost/mipetitvalencia/wp-content/uploads/2018/04/arbol.png;39,44515436;0,37222023
12;3;39.46710622,0.39796493;;Palmera;http://mapas.valencia.es/lanzadera/opendata/ARBOLADO_MONUMENTAL/documentos/4444/997107014-3.jpg;;http://localhost/mipetitvalencia/wp-content/uploads/2018/04/arbol.png;39,46710622;0,39796493
13;3;39.46736739,0.39944339;;Palmera;http://mapas.valencia.es/lanzadera/opendata/ARBOLADO_MONUMENTAL/documentos/4445/997107014-2.jpg;;http://localhost/mipetitvalencia/wp-content/uploads/2018/04/arbol.png;39,46736739;0,39944339
14;3;39.4715151,0.36412313;;탍bol;http://mapas.valencia.es/lanzadera/opendata/ARBOLADO_MONUMENTAL/documentos/4446/99107-9487.jpg;;http://localhost/mipetitvalencia/wp-content/uploads/2018/04/arbol.png;39,4715151;0,36412313
15;3;39.46360286,0.36735873;;Palmera;http://mapas.valencia.es/lanzadera/opendata/ARBOLADO_MONUMENTAL/documentos/4447/38670-443.jpg;;http://localhost/mipetitvalencia/wp-content/uploads/2018/04/arbol.png;39,46360286;0,36735873
16;3;39.47937091,0.39405115;;Palmera;http://mapas.valencia.es/lanzadera/opendata/ARBOLADO_MONUMENTAL/documentos/4448/2400-128.jpg;;http://localhost/mipetitvalencia/wp-content/uploads/2018/04/arbol.png;39,47937091;0,39405115
17;3;39.48373341,0.35472853;;탍bol;http://mapas.valencia.es/lanzadera/opendata/ARBOLADO_MONUMENTAL/documentos/4449/992014018-202.jpg;;http://localhost/mipetitvalencia/wp-content/uploads/2018/04/arbol.png;39,48373341;0,35472853
18;3;39.47636255,0.37064759;;Palmera;http://mapas.valencia.es/lanzadera/opendata/ARBOLADO_MONUMENTAL/documentos/4450/99110017-43.jpg;;http://localhost/mipetitvalencia/wp-content/uploads/2018/04/arbol.png;39,47636255;0,37064759
19;3;39.47633535,0.37072868;;Palmera;http://mapas.valencia.es/lanzadera/opendata/ARBOLADO_MONUMENTAL/documentos/4451/99110017-41.jpg;;http://localhost/mipetitvalencia/wp-content/uploads/2018/04/arbol.png;39,47633535;0,37072868
20;3;39.47638187,0.370737;;Palmera;http://mapas.valencia.es/lanzadera/opendata/ARBOLADO_MONUMENTAL/documentos/4452/99110017-45.jpg;;http://localhost/mipetitvalencia/wp-content/uploads/2018/04/arbol.png;39,47638187;0,370737
21;3;39.46712738,0.35272135;;Palmera;http://mapas.valencia.es/lanzadera/opendata/ARBOLADO_MONUMENTAL/documentos/4453/99701245-4.jpg;;http://localhost/mipetitvalencia/wp-content/uploads/2018/04/arbol.png;39,46712738;0,35272135
22;3;39.47740755,0.36672557;;Palmera;http://mapas.valencia.es/lanzadera/opendata/ARBOLADO_MONUMENTAL/documentos/4454/41260-3.jpg;;http://localhost/mipetitvalencia/wp-content/uploads/2018/04/arbol.png;39,47740755;0,36672557
23;3;39.47116395,0.34155494;;Palmera;http://mapas.valencia.es/lanzadera/opendata/ARBOLADO_MONUMENTAL/documentos/4455/51780-15.jpg;;http://localhost/mipetitvalencia/wp-content/uploads/2018/04/arbol.png;39,47116395;0,34155494
24;3;39.48261497,0.32613838;;Palmera;http://mapas.valencia.es/lanzadera/opendata/ARBOLADO_MONUMENTAL/documentos/4456/99701103-5.jpg;;http://localhost/mipetitvalencia/wp-content/uploads/2018/04/arbol.png;39,48261497;0,32613838
25;3;39.4653561,0.32870618;;Palmera;http://mapas.valencia.es/lanzadera/opendata/ARBOLADO_MONUMENTAL/documentos/4457/24360-6.jpg;;http://localhost/mipetitvalencia/wp-content/uploads/2018/04/arbol.png;39,4653561;0,32870618
26;3;39.46468946,0.361446;;Palmera;http://mapas.valencia.es/lanzadera/opendata/ARBOLADO_MONUMENTAL/documentos/4458/37650-244.jpg;;http://localhost/mipetitvalencia/wp-content/uploads/2018/04/arbol.png;39,46468946;0,361446
27;3;39.46778459,0.41517795;;탍bol;http://mapas.valencia.es/lanzadera/opendata/ARBOLADO_MONUMENTAL/documentos/4459/43200-36.jpg;;http://localhost/mipetitvalencia/wp-content/uploads/2018/04/arbol.png;39,46778459;0,41517795
28;3;39.46210047,0.3389161;;Palmera;http://mapas.valencia.es/lanzadera/opendata/ARBOLADO_MONUMENTAL/documentos/4460/99100284-149.jpg;;http://localhost/mipetitvalencia/wp-content/uploads/2018/04/arbol.png;39,46210047;0,3389161
29;3;39.46206503,0.33893484;;Palmera;http://mapas.valencia.es/lanzadera/opendata/ARBOLADO_MONUMENTAL/documentos/4461/99100284-148.jpg;;http://localhost/mipetitvalencia/wp-content/uploads/2018/04/arbol.png;39,46206503;0,33893484
30;3;39.44874674,0.39879768;;Palmera;http://mapas.valencia.es/lanzadera/opendata/ARBOLADO_MONUMENTAL/documentos/4462/99405-1772.jpg;;http://localhost/mipetitvalencia/wp-content/uploads/2018/04/arbol.png;39,44874674;0,39879768
31;3;39.47749211,0.36844906;;Palmera;http://mapas.valencia.es/lanzadera/opendata/ARBOLADO_MONUMENTAL/documentos/4463/69060-34.jpg;;http://localhost/mipetitvalencia/wp-content/uploads/2018/04/arbol.png;39,47749211;0,36844906
32;3;39.46555556,0.36197075;;Palmera;http://mapas.valencia.es/lanzadera/opendata/ARBOLADO_MONUMENTAL/documentos/4395/37650-214.jpg;;http://localhost/mipetitvalencia/wp-content/uploads/2018/04/arbol.png;39,46555556;0,36197075
33;3;39.46680551,0.36275492;;Palmera;http://mapas.valencia.es/lanzadera/opendata/ARBOLADO_MONUMENTAL/documentos/4396/37650-176.jpg;;http://localhost/mipetitvalencia/wp-content/uploads/2018/04/arbol.png;39,46680551;0,36275492
34;3;39.46778713,0.36357605;;Palmera;http://mapas.valencia.es/lanzadera/opendata/ARBOLADO_MONUMENTAL/documentos/4397/37650-145.jpg;;http://localhost/mipetitvalencia/wp-content/uploads/2018/04/arbol.png;39,46778713;0,36357605
35;3;39.46487881,0.36175712;;Palmera;http://mapas.valencia.es/lanzadera/opendata/ARBOLADO_MONUMENTAL/documentos/4398/37650-234.jpg;;http://localhost/mipetitvalencia/wp-content/uploads/2018/04/arbol.png;39,46487881;0,36175712
36;3;39.46500972,0.36184269;;Palmera;http://mapas.valencia.es/lanzadera/opendata/ARBOLADO_MONUMENTAL/documentos/4399/37650-230.jpg;;http://localhost/mipetitvalencia/wp-content/uploads/2018/04/arbol.png;39,46500972;0,36184269
37;3;39.46512897,0.36191849;;Palmera;http://mapas.valencia.es/lanzadera/opendata/ARBOLADO_MONUMENTAL/documentos/4400/37650-225.jpg;;http://localhost/mipetitvalencia/wp-content/uploads/2018/04/arbol.png;39,46512897;0,36191849
38;3;39.46572823,0.36228504;;Palmera;http://mapas.valencia.es/lanzadera/opendata/ARBOLADO_MONUMENTAL/documentos/4401/37650-210.jpg;;http://localhost/mipetitvalencia/wp-content/uploads/2018/04/arbol.png;39,46572823;0,36228504
39;3;39.46623677,0.36260568;;Palmera;http://mapas.valencia.es/lanzadera/opendata/ARBOLADO_MONUMENTAL/documentos/4402/37650-191.jpg;;http://localhost/mipetitvalencia/wp-content/uploads/2018/04/arbol.png;39,46623677;0,36260568
40;3;39.46695569,0.36305362;;Palmera;http://mapas.valencia.es/lanzadera/opendata/ARBOLADO_MONUMENTAL/documentos/4403/37650-174.jpg;;http://localhost/mipetitvalencia/wp-content/uploads/2018/04/arbol.png;39,46695569;0,36305362
41;3;39.46708453,0.36313724;;Palmera;http://mapas.valencia.es/lanzadera/opendata/ARBOLADO_MONUMENTAL/documentos/4404/37650-168.jpg;;http://localhost/mipetitvalencia/wp-content/uploads/2018/04/arbol.png;39,46708453;0,36313724
42;3;39.46507574,0.36166751;;Palmera;http://mapas.valencia.es/lanzadera/opendata/ARBOLADO_MONUMENTAL/documentos/4405/37650-229.jpg;;http://localhost/mipetitvalencia/wp-content/uploads/2018/04/arbol.png;39,46507574;0,36166751
43;3;39.46519178,0.36174553;;Palmera;http://mapas.valencia.es/lanzadera/opendata/ARBOLADO_MONUMENTAL/documentos/4406/37650-224.jpg;;http://localhost/mipetitvalencia/wp-content/uploads/2018/04/arbol.png;39,46519178;0,36174553
44;3;39.46590633,0.36219279;;Palmera;http://mapas.valencia.es/lanzadera/opendata/ARBOLADO_MONUMENTAL/documentos/4407/37650-204.jpg;;http://localhost/mipetitvalencia/wp-content/uploads/2018/04/arbol.png;39,46590633;0,36219279
45;3;39.46643758,0.36252443;;Palmera;http://mapas.valencia.es/lanzadera/opendata/ARBOLADO_MONUMENTAL/documentos/4408/37650-185.jpg;;http://localhost/mipetitvalencia/wp-content/uploads/2018/04/arbol.png;39,46643758;0,36252443
46;3;39.46765416,0.36328358;;Palmera;http://mapas.valencia.es/lanzadera/opendata/ARBOLADO_MONUMENTAL/documentos/4409/37650-149.jpg;;http://localhost/mipetitvalencia/wp-content/uploads/2018/04/arbol.png;39,46765416;0,36328358
47;3;39.46852081,0.36382587;;Palmera;http://mapas.valencia.es/lanzadera/opendata/ARBOLADO_MONUMENTAL/documentos/4410/37650-277.jpg;;http://localhost/mipetitvalencia/wp-content/uploads/2018/04/arbol.png;39,46852081;0,36382587
48;3;39.47720299,0.36582773;;Palmera;http://mapas.valencia.es/lanzadera/opendata/ARBOLADO_MONUMENTAL/documentos/4411/41260-181.jpg;;http://localhost/mipetitvalencia/wp-content/uploads/2018/04/arbol.png;39,47720299;0,36582773
49;3;39.47760083,0.36520142;;Palmera;http://mapas.valencia.es/lanzadera/opendata/ARBOLADO_MONUMENTAL/documentos/4412/99109-598.jpg;;http://localhost/mipetitvalencia/wp-content/uploads/2018/04/arbol.png;39,47760083;0,36520142
50;3;39.46964209,0.38110468;;Palmera;http://mapas.valencia.es/lanzadera/opendata/ARBOLADO_MONUMENTAL/documentos/4413/991409-1.jpg;;http://localhost/mipetitvalencia/wp-content/uploads/2018/04/arbol.png;39,46964209;0,38110468
51;3;39.46953634,0.38098492;;Palmera;http://mapas.valencia.es/lanzadera/opendata/ARBOLADO_MONUMENTAL/documentos/4414/991409-2.jpg;;http://localhost/mipetitvalencia/wp-content/uploads/2018/04/arbol.png;39,46953634;0,38098492
52;3;39.47772709,0.36014311;;탍bol;http://mapas.valencia.es/lanzadera/opendata/ARBOLADO_MONUMENTAL/documentos/4415/900-1353.jpg;;http://localhost/mipetitvalencia/wp-content/uploads/2018/04/arbol.png;39,47772709;0,36014311
53;3;39.44720571,0.39381627;;탍bol;http://mapas.valencia.es/lanzadera/opendata/ARBOLADO_MONUMENTAL/documentos/4416/99110625-1397.jpg;;http://localhost/mipetitvalencia/wp-content/uploads/2018/04/arbol.png;39,44720571;0,39381627
54;3;39.4473234,0.39389925;;탍bol;http://mapas.valencia.es/lanzadera/opendata/ARBOLADO_MONUMENTAL/documentos/4417/99110625-311.jpg;;http://localhost/mipetitvalencia/wp-content/uploads/2018/04/arbol.png;39,4473234;0,39389925
55;3;39.48662259,0.38122903;;탍bol;http://mapas.valencia.es/lanzadera/opendata/ARBOLADO_MONUMENTAL/documentos/4418/99113-1.jpg;;http://localhost/mipetitvalencia/wp-content/uploads/2018/04/arbol.png;39,48662259;0,38122903
56;3;39.46839848,0.34368326;;Palmera;http://mapas.valencia.es/lanzadera/opendata/ARBOLADO_MONUMENTAL/documentos/4419/99102-1.jpg;;http://localhost/mipetitvalencia/wp-content/uploads/2018/04/arbol.png;39,46839848;0,34368326
57;3;39.46829134,0.34388528;;Palmera;http://mapas.valencia.es/lanzadera/opendata/ARBOLADO_MONUMENTAL/documentos/4420/99102-4.jpg;;http://localhost/mipetitvalencia/wp-content/uploads/2018/04/arbol.png;39,46829134;0,34388528
58;3;39.46825906,0.34372936;;Palmera;http://mapas.valencia.es/lanzadera/opendata/ARBOLADO_MONUMENTAL/documentos/4421/99102-2.jpg;;http://localhost/mipetitvalencia/wp-content/uploads/2018/04/arbol.png;39,46825906;0,34372936
59;3;39.46779131,0.34439398;;Palmera;http://mapas.valencia.es/lanzadera/opendata/ARBOLADO_MONUMENTAL/documentos/4422/99102-5.jpg;;http://localhost/mipetitvalencia/wp-content/uploads/2018/04/arbol.png;39,46779131;0,34439398
60;3;39.46764407,0.3442596;;탍bol;http://mapas.valencia.es/lanzadera/opendata/ARBOLADO_MONUMENTAL/documentos/4423/99102-14.jpg;;http://localhost/mipetitvalencia/wp-content/uploads/2018/04/arbol.png;39,46764407;0,3442596
61;3;39.46753623,0.34428056;;탍bol;http://mapas.valencia.es/lanzadera/opendata/ARBOLADO_MONUMENTAL/documentos/4424/99102-15.jpg;;http://localhost/mipetitvalencia/wp-content/uploads/2018/04/arbol.png;39,46753623;0,34428056
62;3;39.46756456,0.34457677;;Palmera;http://mapas.valencia.es/lanzadera/opendata/ARBOLADO_MONUMENTAL/documentos/4425/99102-6.jpg;;http://localhost/mipetitvalencia/wp-content/uploads/2018/04/arbol.png;39,46756456;0,34457677
63;3;39.46743346,0.34445195;;Palmera;http://mapas.valencia.es/lanzadera/opendata/ARBOLADO_MONUMENTAL/documentos/4426/99102-7.jpg;;http://localhost/mipetitvalencia/wp-content/uploads/2018/04/arbol.png;39,46743346;0,34445195
64;3;39.46647048,0.34405511;;Palmera;http://mapas.valencia.es/lanzadera/opendata/ARBOLADO_MONUMENTAL/documentos/4427/99102-18.jpg;;http://localhost/mipetitvalencia/wp-content/uploads/2018/04/arbol.png;39,46647048;0,34405511
65;3;39.46706246,0.34413869;;탍bol;http://mapas.valencia.es/lanzadera/opendata/ARBOLADO_MONUMENTAL/documentos/4428/99102-11.jpg;;http://localhost/mipetitvalencia/wp-content/uploads/2018/04/arbol.png;39,46706246;0,34413869
66;3;39.4671102,0.34410182;;탍bol;http://mapas.valencia.es/lanzadera/opendata/ARBOLADO_MONUMENTAL/documentos/4429/99102-20.jpg;;http://localhost/mipetitvalencia/wp-content/uploads/2018/04/arbol.png;39,4671102;0,34410182
67;3;39.4671554,0.34415981;;탍bol;http://mapas.valencia.es/lanzadera/opendata/ARBOLADO_MONUMENTAL/documentos/4430/99102-10.jpg;;http://localhost/mipetitvalencia/wp-content/uploads/2018/04/arbol.png;39,4671554;0,34415981
68;3;39.4674988,0.34398254;;Palmera;http://mapas.valencia.es/lanzadera/opendata/ARBOLADO_MONUMENTAL/documentos/4431/99102-9.jpg;;http://localhost/mipetitvalencia/wp-content/uploads/2018/04/arbol.png;39,4674988;0,34398254
69;3;39.48111252,0.35590188;;Palmera;http://mapas.valencia.es/lanzadera/opendata/ARBOLADO_MONUMENTAL/documentos/4432/99101409-196.jpg;;http://localhost/mipetitvalencia/wp-content/uploads/2018/04/arbol.png;39,48111252;0,35590188
70;3;39.42987113,0.36343318;;Palmera;http://mapas.valencia.es/lanzadera/opendata/ARBOLADO_MONUMENTAL/documentos/4433/76890-11.jpg;;http://localhost/mipetitvalencia/wp-content/uploads/2018/04/arbol.png;39,42987113;0,36343318
71;3;39.42172718,0.36441582;;Palmera;http://mapas.valencia.es/lanzadera/opendata/ARBOLADO_MONUMENTAL/documentos/4434/33930-23.jpg;;http://localhost/mipetitvalencia/wp-content/uploads/2018/04/arbol.png;39,42172718;0,36441582
72;3;39.44933382,0.36208355;;Palmera;http://mapas.valencia.es/lanzadera/opendata/ARBOLADO_MONUMENTAL/documentos/4435/99110691-53.jpg;;http://localhost/mipetitvalencia/wp-content/uploads/2018/04/arbol.png;39,44933382;0,36208355
73;3;39.44826279,0.3646615;;Palmera;http://mapas.valencia.es/lanzadera/opendata/ARBOLADO_MONUMENTAL/documentos/4436/99110691-114.jpg;;http://localhost/mipetitvalencia/wp-content/uploads/2018/04/arbol.png;39,44826279;0,3646615
74;3;39.44841522,0.36424018;;Palmera;http://mapas.valencia.es/lanzadera/opendata/ARBOLADO_MONUMENTAL/documentos/4437/99110691-115.jpg;;http://localhost/mipetitvalencia/wp-content/uploads/2018/04/arbol.png;39,44841522;0,36424018
75;3;39.44851368,0.3641154;;Palmera;http://mapas.valencia.es/lanzadera/opendata/ARBOLADO_MONUMENTAL/documentos/4438/99110691-116.jpg;;http://localhost/mipetitvalencia/wp-content/uploads/2018/04/arbol.png;39,44851368;0,3641154
76;3;39.44866557,0.36362845;;Palmera;http://mapas.valencia.es/lanzadera/opendata/ARBOLADO_MONUMENTAL/documentos/4439/99110691-117.jpg;;http://localhost/mipetitvalencia/wp-content/uploads/2018/04/arbol.png;39,44866557;0,36362845
77;3;39.47009385,0.37692251;;Palmera;http://mapas.valencia.es/lanzadera/opendata/ARBOLADO_MONUMENTAL/documentos/4350/17760-6.jpg;;http://localhost/mipetitvalencia/wp-content/uploads/2018/04/arbol.png;39,47009385;0,37692251
78;3;39.47004886,0.37692493;;Palmera;http://mapas.valencia.es/lanzadera/opendata/ARBOLADO_MONUMENTAL/documentos/4351/17760-5.jpg;;http://localhost/mipetitvalencia/wp-content/uploads/2018/04/arbol.png;39,47004886;0,37692493
79;3;39.46999034,0.3769264;;Palmera;http://mapas.valencia.es/lanzadera/opendata/ARBOLADO_MONUMENTAL/documentos/4352/17760-4.jpg;;http://localhost/mipetitvalencia/wp-content/uploads/2018/04/arbol.png;39,46999034;0,3769264
80;3;39.46955825,0.37694119;;Palmera;http://mapas.valencia.es/lanzadera/opendata/ARBOLADO_MONUMENTAL/documentos/4353/17760-2.jpg;;http://localhost/mipetitvalencia/wp-content/uploads/2018/04/arbol.png;39,46955825;0,37694119
81;3;39.47816005,0.37945732;;탍bol;http://mapas.valencia.es/lanzadera/opendata/ARBOLADO_MONUMENTAL/documentos/4354/62460-1.jpg;;http://localhost/mipetitvalencia/wp-content/uploads/2018/04/arbol.png;39,47816005;0,37945732
82;3;39.47256713,0.37056215;;탍bol;http://mapas.valencia.es/lanzadera/opendata/ARBOLADO_MONUMENTAL/documentos/4363/99110008-3.jpg;;http://localhost/mipetitvalencia/wp-content/uploads/2018/04/arbol.png;39,47256713;0,37056215
83;3;39.47172893,0.37054505;;Palmera;http://mapas.valencia.es/lanzadera/opendata/ARBOLADO_MONUMENTAL/documentos/4364/99110008-48.jpg;;http://localhost/mipetitvalencia/wp-content/uploads/2018/04/arbol.png;39,47172893;0,37054505
84;3;39.46962126,0.37693882;;Palmera;http://mapas.valencia.es/lanzadera/opendata/ARBOLADO_MONUMENTAL/documentos/4365/17760-3.jpg;;http://localhost/mipetitvalencia/wp-content/uploads/2018/04/arbol.png;39,46962126;0,37693882
85;3;39.46949524,0.37694356;;Palmera;http://mapas.valencia.es/lanzadera/opendata/ARBOLADO_MONUMENTAL/documentos/4366/17760-1.jpg;;http://localhost/mipetitvalencia/wp-content/uploads/2018/04/arbol.png;39,46949524;0,37694356
86;3;39.46863692,0.36588224;;Palmera;http://mapas.valencia.es/lanzadera/opendata/ARBOLADO_MONUMENTAL/documentos/4367/46320-426.jpg;;http://localhost/mipetitvalencia/wp-content/uploads/2018/04/arbol.png;39,46863692;0,36588224
87;3;39.46858958,0.36597992;;Palmera;http://mapas.valencia.es/lanzadera/opendata/ARBOLADO_MONUMENTAL/documentos/4368/46320-429.jpg;;http://localhost/mipetitvalencia/wp-content/uploads/2018/04/arbol.png;39,46858958;0,36597992
88;3;39.46857974,0.3657442;;Palmera;http://mapas.valencia.es/lanzadera/opendata/ARBOLADO_MONUMENTAL/documentos/4369/46320-423.jpg;;http://localhost/mipetitvalencia/wp-content/uploads/2018/04/arbol.png;39,46857974;0,3657442
89;3;39.46848122,0.36596876;;Palmera;http://mapas.valencia.es/lanzadera/opendata/ARBOLADO_MONUMENTAL/documentos/4370/46320-432.jpg;;http://localhost/mipetitvalencia/wp-content/uploads/2018/04/arbol.png;39,46848122;0,36596876
90;3;39.46552281,0.37217791;;Palmera;http://mapas.valencia.es/lanzadera/opendata/ARBOLADO_MONUMENTAL/documentos/4371/46320-188.jpg;;http://localhost/mipetitvalencia/wp-content/uploads/2018/04/arbol.png;39,46552281;0,37217791
91;3;39.46696274,0.36912718;;Palmera;http://mapas.valencia.es/lanzadera/opendata/ARBOLADO_MONUMENTAL/documentos/4372/46320-277.jpg;;http://localhost/mipetitvalencia/wp-content/uploads/2018/04/arbol.png;39,46696274;0,36912718
92;3;39.47938767,0.36702326;;탍bol;http://mapas.valencia.es/lanzadera/opendata/ARBOLADO_MONUMENTAL/documentos/4373/99101001-356.jpg;;http://localhost/mipetitvalencia/wp-content/uploads/2018/04/arbol.png;39,47938767;0,36702326
93;3;39.47590609,0.36577472;;Palmera;http://mapas.valencia.es/lanzadera/opendata/ARBOLADO_MONUMENTAL/documentos/4374/58710-4.jpg;;http://localhost/mipetitvalencia/wp-content/uploads/2018/04/arbol.png;39,47590609;0,36577472
94;3;39.47583509,0.36610788;;Palmera;http://mapas.valencia.es/lanzadera/opendata/ARBOLADO_MONUMENTAL/documentos/4375/58710-1187.jpg;;http://localhost/mipetitvalencia/wp-content/uploads/2018/04/arbol.png;39,47583509;0,36610788
95;3;39.47589146,0.36600198;;Palmera;http://mapas.valencia.es/lanzadera/opendata/ARBOLADO_MONUMENTAL/documentos/4376/58710-1186.jpg;;http://localhost/mipetitvalencia/wp-content/uploads/2018/04/arbol.png;39,47589146;0,36600198
96;3;39.47558991,0.36562606;;Palmera;http://mapas.valencia.es/lanzadera/opendata/ARBOLADO_MONUMENTAL/documentos/4377/58710-1147.jpg;;http://localhost/mipetitvalencia/wp-content/uploads/2018/04/arbol.png;39,47558991;0,36562606
97;3;39.47540672,0.36572113;;Palmera;http://mapas.valencia.es/lanzadera/opendata/ARBOLADO_MONUMENTAL/documentos/4378/58710-1207.jpg;;http://localhost/mipetitvalencia/wp-content/uploads/2018/04/arbol.png;39,47540672;0,36572113
98;3;39.47551851,0.36581277;;Palmera;http://mapas.valencia.es/lanzadera/opendata/ARBOLADO_MONUMENTAL/documentos/4379/58710-1202.jpg;;http://localhost/mipetitvalencia/wp-content/uploads/2018/04/arbol.png;39,47551851;0,36581277
99;3;39.47558238,0.36566967;;Palmera;http://mapas.valencia.es/lanzadera/opendata/ARBOLADO_MONUMENTAL/documentos/4380/58710-1193.jpg;;http://localhost/mipetitvalencia/wp-content/uploads/2018/04/arbol.png;39,47558238;0,36566967
100;3;39.47546679,0.36552025;;Palmera;http://mapas.valencia.es/lanzadera/opendata/ARBOLADO_MONUMENTAL/documentos/4381/58710-1145.jpg;;http://localhost/mipetitvalencia/wp-content/uploads/2018/04/arbol.png;39,47546679;0,36552025
101;3;39.47516355,0.36529393;;Palmera;http://mapas.valencia.es/lanzadera/opendata/ARBOLADO_MONUMENTAL/documentos/4382/58710-1142.jpg;;http://localhost/mipetitvalencia/wp-content/uploads/2018/04/arbol.png;39,47516355;0,36529393
102;3;39.4696476,0.36113429;;Palmera;http://mapas.valencia.es/lanzadera/opendata/ARBOLADO_MONUMENTAL/documentos/4383/58710-1391.jpg;;http://localhost/mipetitvalencia/wp-content/uploads/2018/04/arbol.png;39,4696476;0,36113429
103;3;39.47502223,0.36619702;;Palmera;http://mapas.valencia.es/lanzadera/opendata/ARBOLADO_MONUMENTAL/documentos/4384/58710-1032.jpg;;http://localhost/mipetitvalencia/wp-content/uploads/2018/04/arbol.png;39,47502223;0,36619702
104;3;39.47504785,0.36518285;;Palmera;http://mapas.valencia.es/lanzadera/opendata/ARBOLADO_MONUMENTAL/documentos/4385/58710-1141.jpg;;http://localhost/mipetitvalencia/wp-content/uploads/2018/04/arbol.png;39,47504785;0,36518285
105;3;39.47497547,0.36511973;;Palmera;http://mapas.valencia.es/lanzadera/opendata/ARBOLADO_MONUMENTAL/documentos/4386/58710-1140.jpg;;http://localhost/mipetitvalencia/wp-content/uploads/2018/04/arbol.png;39,47497547;0,36511973
106;3;39.47487467,0.3649237;;Palmera;http://mapas.valencia.es/lanzadera/opendata/ARBOLADO_MONUMENTAL/documentos/4387/58710-15.jpg;;http://localhost/mipetitvalencia/wp-content/uploads/2018/04/arbol.png;39,47487467;0,3649237
107;3;39.47669262,0.35684168;;Palmera;http://mapas.valencia.es/lanzadera/opendata/ARBOLADO_MONUMENTAL/documentos/4388/900-1640.jpg;;http://localhost/mipetitvalencia/wp-content/uploads/2018/04/arbol.png;39,47669262;0,35684168
108;3;39.48102329,0.36208044;;Palmera;http://mapas.valencia.es/lanzadera/opendata/ARBOLADO_MONUMENTAL/documentos/4389/5040-7.jpg;;http://localhost/mipetitvalencia/wp-content/uploads/2018/04/arbol.png;39,48102329;0,36208044
109;3;39.48214255,0.36178161;;Palmera;http://mapas.valencia.es/lanzadera/opendata/ARBOLADO_MONUMENTAL/documentos/4390/26370-21.jpg;;http://localhost/mipetitvalencia/wp-content/uploads/2018/04/arbol.png;39,48214255;0,36178161
110;3;39.47722914,0.36499664;;탍bol;http://mapas.valencia.es/lanzadera/opendata/ARBOLADO_MONUMENTAL/documentos/4391/99109-421.jpg;;http://localhost/mipetitvalencia/wp-content/uploads/2018/04/arbol.png;39,47722914;0,36499664
111;3;39.47076297,0.3822253;;탍bol;http://mapas.valencia.es/lanzadera/opendata/ARBOLADO_MONUMENTAL/documentos/4392/99110293-8.jpg;;http://localhost/mipetitvalencia/wp-content/uploads/2018/04/arbol.png;39,47076297;0,3822253
112;3;39.46823028,0.36364086;;Palmera;http://mapas.valencia.es/lanzadera/opendata/ARBOLADO_MONUMENTAL/documentos/4393/37650-133.jpg;;http://localhost/mipetitvalencia/wp-content/uploads/2018/04/arbol.png;39,46823028;0,36364086
113;3;39.46548197,0.36213641;;Palmera;http://mapas.valencia.es/lanzadera/opendata/ARBOLADO_MONUMENTAL/documentos/4394/37650-215.jpg;;http://localhost/mipetitvalencia/wp-content/uploads/2018/04/arbol.png;39,46548197;0,36213641
114;3;39.46545289,0.34842682;;Palmera;http://mapas.valencia.es/lanzadera/opendata/ARBOLADO_MONUMENTAL/documentos/4305/41340-101.jpg;;http://localhost/mipetitvalencia/wp-content/uploads/2018/04/arbol.png;39,46545289;0,34842682
115;3;39.463109,0.35782677;;Palmera;http://mapas.valencia.es/lanzadera/opendata/ARBOLADO_MONUMENTAL/documentos/4306/58710-1710.jpg;;http://localhost/mipetitvalencia/wp-content/uploads/2018/04/arbol.png;39,463109;0,35782677
116;3;39.4769659,0.38466752;;Palmera;http://mapas.valencia.es/lanzadera/opendata/ARBOLADO_MONUMENTAL/documentos/4307/992103036-3.jpg;;http://localhost/mipetitvalencia/wp-content/uploads/2018/04/arbol.png;39,4769659;0,38466752
117;3;39.46808783,0.38478284;;Palmera;http://mapas.valencia.es/lanzadera/opendata/ARBOLADO_MONUMENTAL/documentos/4308/992103037-8.jpg;;http://localhost/mipetitvalencia/wp-content/uploads/2018/04/arbol.png;39,46808783;0,38478284
118;3;39.48260915,0.36785643;;Palmera;http://mapas.valencia.es/lanzadera/opendata/ARBOLADO_MONUMENTAL/documentos/4309/99101001-1325.jpg;;http://localhost/mipetitvalencia/wp-content/uploads/2018/04/arbol.png;39,48260915;0,36785643
119;3;39.47907612,0.36718905;;탍bol;http://mapas.valencia.es/lanzadera/opendata/ARBOLADO_MONUMENTAL/documentos/4310/99101001-376.jpg;;http://localhost/mipetitvalencia/wp-content/uploads/2018/04/arbol.png;39,47907612;0,36718905
120;3;39.48136036,0.36701348;;Palmera;http://mapas.valencia.es/lanzadera/opendata/ARBOLADO_MONUMENTAL/documentos/4311/99101001-1879.jpg;;http://localhost/mipetitvalencia/wp-content/uploads/2018/04/arbol.png;39,48136036;0,36701348
121;3;39.47788081,0.36870685;;Palmera;http://mapas.valencia.es/lanzadera/opendata/ARBOLADO_MONUMENTAL/documentos/4312/99101001-543.jpg;;http://localhost/mipetitvalencia/wp-content/uploads/2018/04/arbol.png;39,47788081;0,36870685
122;3;39.4778658,0.369038;;탍bol;http://mapas.valencia.es/lanzadera/opendata/ARBOLADO_MONUMENTAL/documentos/4313/99101001-531.jpg;;http://localhost/mipetitvalencia/wp-content/uploads/2018/04/arbol.png;39,4778658;0,369038
123;3;39.47772345,0.3689184;;Palmera;http://mapas.valencia.es/lanzadera/opendata/ARBOLADO_MONUMENTAL/documentos/4314/99101001-525.jpg;;http://localhost/mipetitvalencia/wp-content/uploads/2018/04/arbol.png;39,47772345;0,3689184
124;3;39.4775154,0.36848305;;Palmera;http://mapas.valencia.es/lanzadera/opendata/ARBOLADO_MONUMENTAL/documentos/4315/99101001-515.jpg;;http://localhost/mipetitvalencia/wp-content/uploads/2018/04/arbol.png;39,4775154;0,36848305
125;3;39.47762537,0.36856537;;Palmera;http://mapas.valencia.es/lanzadera/opendata/ARBOLADO_MONUMENTAL/documentos/4316/99101001-512.jpg;;http://localhost/mipetitvalencia/wp-content/uploads/2018/04/arbol.png;39,47762537;0,36856537
126;3;39.47780713,0.36823811;;Palmera;http://mapas.valencia.es/lanzadera/opendata/ARBOLADO_MONUMENTAL/documentos/4317/99101001-460.jpg;;http://localhost/mipetitvalencia/wp-content/uploads/2018/04/arbol.png;39,47780713;0,36823811
127;3;39.47787842,-0.36820345;;Palmera;http://mapas.valencia.es/lanzadera/opendata/ARBOLADO_MONUMENTAL/documentos/4318/99101001-458.jpg;;http://localhost/mipetitvalencia/wp-content/uploads/2018/04/arbol.png;39,47787842;-0,36820345
128;3;39.47791406,0.36818612;;Palmera;http://mapas.valencia.es/lanzadera/opendata/ARBOLADO_MONUMENTAL/documentos/4319/99101001-457.jpg;;http://localhost/mipetitvalencia/wp-content/uploads/2018/04/arbol.png;39,47791406;0,36818612
129;3;39.47795421,0.36816862;;Palmera;http://mapas.valencia.es/lanzadera/opendata/ARBOLADO_MONUMENTAL/documentos/4320/99101001-456.jpg;;http://localhost/mipetitvalencia/wp-content/uploads/2018/04/arbol.png;39,47795421;0,36816862
130;3;39.47798985,0.3681513;;Palmera;http://mapas.valencia.es/lanzadera/opendata/ARBOLADO_MONUMENTAL/documentos/4321/99101001-455.jpg;;http://localhost/mipetitvalencia/wp-content/uploads/2018/04/arbol.png;39,47798985;0,3681513
131;3;39.47802547,0.36813324;;Palmera;http://mapas.valencia.es/lanzadera/opendata/ARBOLADO_MONUMENTAL/documentos/4322/99101001-454.jpg;;http://localhost/mipetitvalencia/wp-content/uploads/2018/04/arbol.png;39,47802547;0,36813324
132;3;39.47807894,0.36810725;;Palmera;http://mapas.valencia.es/lanzadera/opendata/ARBOLADO_MONUMENTAL/documentos/4323/99101001-450.jpg;;http://localhost/mipetitvalencia/wp-content/uploads/2018/04/arbol.png;39,47807894;0,36810725
133;3;39.47810558,0.36809026;;Palmera;http://mapas.valencia.es/lanzadera/opendata/ARBOLADO_MONUMENTAL/documentos/4324/99101001-449.jpg;;http://localhost/mipetitvalencia/wp-content/uploads/2018/04/arbol.png;39,47810558;0,36809026
134;3;39.47813677,0.36807527;;Palmera;http://mapas.valencia.es/lanzadera/opendata/ARBOLADO_MONUMENTAL/documentos/4325/99101001-448.jpg;;http://localhost/mipetitvalencia/wp-content/uploads/2018/04/arbol.png;39,47813677;0,36807527
135;3;39.4781635,0.36806192;;Palmera;http://mapas.valencia.es/lanzadera/opendata/ARBOLADO_MONUMENTAL/documentos/4326/99101001-447.jpg;;http://localhost/mipetitvalencia/wp-content/uploads/2018/04/arbol.png;39,4781635;0,36806192
136;3;39.47819025,0.36805001;;Palmera;http://mapas.valencia.es/lanzadera/opendata/ARBOLADO_MONUMENTAL/documentos/4327/99101001-446.jpg;;http://localhost/mipetitvalencia/wp-content/uploads/2018/04/arbol.png;39,47819025;0,36805001
137;3;39.47826597,0.36801228;;Palmera;http://mapas.valencia.es/lanzadera/opendata/ARBOLADO_MONUMENTAL/documentos/4328/99101001-419.jpg;;http://localhost/mipetitvalencia/wp-content/uploads/2018/04/arbol.png;39,47826597;0,36801228
138;3;39.47830608,0.36799333;;Palmera;http://mapas.valencia.es/lanzadera/opendata/ARBOLADO_MONUMENTAL/documentos/4329/99101001-418.jpg;;http://localhost/mipetitvalencia/wp-content/uploads/2018/04/arbol.png;39,47830608;0,36799333
139;3;39.4780332,0.36767886;;Palmera;http://mapas.valencia.es/lanzadera/opendata/ARBOLADO_MONUMENTAL/documentos/4330/99101001-121.jpg;;http://localhost/mipetitvalencia/wp-content/uploads/2018/04/arbol.png;39,4780332;0,36767886
140;3;39.47793352,0.36805097;;Palmera;http://mapas.valencia.es/lanzadera/opendata/ARBOLADO_MONUMENTAL/documentos/4331/99101001-57.jpg;;http://localhost/mipetitvalencia/wp-content/uploads/2018/04/arbol.png;39,47793352;0,36805097
141;3;39.47806268,0.3679858;;Palmera;http://mapas.valencia.es/lanzadera/opendata/ARBOLADO_MONUMENTAL/documentos/4332/99101001-62.jpg;;http://localhost/mipetitvalencia/wp-content/uploads/2018/04/arbol.png;39,47806268;0,3679858
142;3;39.47769673,0.36793785;;Palmera;http://mapas.valencia.es/lanzadera/opendata/ARBOLADO_MONUMENTAL/documentos/4333/99101001-42.jpg;;http://localhost/mipetitvalencia/wp-content/uploads/2018/04/arbol.png;39,47769673;0,36793785
143;3;39.4779336,0.36765646;;Palmera;http://mapas.valencia.es/lanzadera/opendata/ARBOLADO_MONUMENTAL/documentos/4334/99101001-37.jpg;;http://localhost/mipetitvalencia/wp-content/uploads/2018/04/arbol.png;39,4779336;0,36765646
144;3;39.47767631,0.36783182;;Palmera;http://mapas.valencia.es/lanzadera/opendata/ARBOLADO_MONUMENTAL/documentos/4335/99101001-17.jpg;;http://localhost/mipetitvalencia/wp-content/uploads/2018/04/arbol.png;39,47767631;0,36783182
145;3;39.38170058,0.33054049;;탍bol;http://mapas.valencia.es/lanzadera/opendata/ARBOLADO_MONUMENTAL/documentos/4336/992119057-180.jpg;;http://localhost/mipetitvalencia/wp-content/uploads/2018/04/arbol.png;39,38170058;0,33054049
146;3;39.46430068,0.37032219;;Palmera;http://mapas.valencia.es/lanzadera/opendata/ARBOLADO_MONUMENTAL/documentos/4337/38670-269.jpg;;http://localhost/mipetitvalencia/wp-content/uploads/2018/04/arbol.png;39,46430068;0,37032219
147;3;39.47887588,0.37925157;;Palmera;http://mapas.valencia.es/lanzadera/opendata/ARBOLADO_MONUMENTAL/documentos/4338/81490-6.jpg;;http://localhost/mipetitvalencia/wp-content/uploads/2018/04/arbol.png;39,47887588;0,37925157
148;3;39.48862345,0.36673841;;Palmera;http://mapas.valencia.es/lanzadera/opendata/ARBOLADO_MONUMENTAL/documentos/4339/2250-109.jpg;;http://localhost/mipetitvalencia/wp-content/uploads/2018/04/arbol.png;39,48862345;0,36673841
149;3;39.4845915,0.38463032;;Palmera;http://mapas.valencia.es/lanzadera/opendata/ARBOLADO_MONUMENTAL/documentos/4340/12540-44.jpg;;http://localhost/mipetitvalencia/wp-content/uploads/2018/04/arbol.png;39,4845915;0,38463032
150;3;39.48160944,0.38462295;;Palmera;http://mapas.valencia.es/lanzadera/opendata/ARBOLADO_MONUMENTAL/documentos/4341/47760-14.jpg;;http://localhost/mipetitvalencia/wp-content/uploads/2018/04/arbol.png;39,48160944;0,38462295
151;3;39.46022961,0.39274939;;Palmera;http://mapas.valencia.es/lanzadera/opendata/ARBOLADO_MONUMENTAL/documentos/4342/7830-15.jpg;;http://localhost/mipetitvalencia/wp-content/uploads/2018/04/arbol.png;39,46022961;0,39274939
152;3;39.46753358,0.3294286;;Palmera;http://mapas.valencia.es/lanzadera/opendata/ARBOLADO_MONUMENTAL/documentos/4343/9000-12.jpg;;http://localhost/mipetitvalencia/wp-content/uploads/2018/04/arbol.png;39,46753358;0,3294286
153;3;39.46448462,0.32978915;;Palmera;http://mapas.valencia.es/lanzadera/opendata/ARBOLADO_MONUMENTAL/documentos/4344/9000-54.jpg;;http://localhost/mipetitvalencia/wp-content/uploads/2018/04/arbol.png;39,46448462;0,32978915
154;3;39.46463953,0.32986603;;Palmera;http://mapas.valencia.es/lanzadera/opendata/ARBOLADO_MONUMENTAL/documentos/4345/9000-2.jpg;;http://localhost/mipetitvalencia/wp-content/uploads/2018/04/arbol.png;39,46463953;0,32986603
155;3;39.46561568,0.32961368;;Palmera;http://mapas.valencia.es/lanzadera/opendata/ARBOLADO_MONUMENTAL/documentos/4346/9000-51.jpg;;http://localhost/mipetitvalencia/wp-content/uploads/2018/04/arbol.png;39,46561568;0,32961368
156;3;39.4662306,0.32951897;;Palmera;http://mapas.valencia.es/lanzadera/opendata/ARBOLADO_MONUMENTAL/documentos/4347/9000-44.jpg;;http://localhost/mipetitvalencia/wp-content/uploads/2018/04/arbol.png;39,4662306;0,32951897
157;3;39.48429132,0.37352009;;Palmera;http://mapas.valencia.es/lanzadera/opendata/ARBOLADO_MONUMENTAL/documentos/4348/48390-28.jpg;;http://localhost/mipetitvalencia/wp-content/uploads/2018/04/arbol.png;39,48429132;0,37352009
158;3;39.47007414,0.37664792;;Palmera;http://mapas.valencia.es/lanzadera/opendata/ARBOLADO_MONUMENTAL/documentos/4349/17760-74.jpg;;http://localhost/mipetitvalencia/wp-content/uploads/2018/04/arbol.png;39,47007414;0,37664792
159;3;39.4629049,0.3641845;;Palmera;http://mapas.valencia.es/lanzadera/opendata/ARBOLADO_MONUMENTAL/documentos/4260/38670-382.jpg;;http://localhost/mipetitvalencia/wp-content/uploads/2018/04/arbol.png;39,4629049;0,3641845
160;3;39.46311917,0.36489335;;Palmera;http://mapas.valencia.es/lanzadera/opendata/ARBOLADO_MONUMENTAL/documentos/4261/38670-369.jpg;;http://localhost/mipetitvalencia/wp-content/uploads/2018/04/arbol.png;39,46311917;0,36489335
161;3;39.46318463,0.36519815;;Palmera;http://mapas.valencia.es/lanzadera/opendata/ARBOLADO_MONUMENTAL/documentos/4262/38670-367.jpg;;http://localhost/mipetitvalencia/wp-content/uploads/2018/04/arbol.png;39,46318463;0,36519815
162;3;39.46335752,0.3662674;;Palmera;http://mapas.valencia.es/lanzadera/opendata/ARBOLADO_MONUMENTAL/documentos/4263/38670-346.jpg;;http://localhost/mipetitvalencia/wp-content/uploads/2018/04/arbol.png;39,46335752;0,3662674
163;3;39.46330219,0.36601235;;Palmera;http://mapas.valencia.es/lanzadera/opendata/ARBOLADO_MONUMENTAL/documentos/4264/38670-352.jpg;;http://localhost/mipetitvalencia/wp-content/uploads/2018/04/arbol.png;39,46330219;0,36601235
164;3;39.46092776,0.38252946;;Palmera;http://mapas.valencia.es/lanzadera/opendata/ARBOLADO_MONUMENTAL/documentos/4265/69330-74.jpg;;http://localhost/mipetitvalencia/wp-content/uploads/2018/04/arbol.png;39,46092776;0,38252946
165;3;39.45531429,0.37429871;;Palmera;http://mapas.valencia.es/lanzadera/opendata/ARBOLADO_MONUMENTAL/documentos/4266/99110078-30.jpg;;http://localhost/mipetitvalencia/wp-content/uploads/2018/04/arbol.png;39,45531429;0,37429871
166;3;39.45584041,0.37465807;;Palmera;http://mapas.valencia.es/lanzadera/opendata/ARBOLADO_MONUMENTAL/documentos/4267/99110078-14.jpg;;http://localhost/mipetitvalencia/wp-content/uploads/2018/04/arbol.png;39,45584041;0,37465807
167;3;39.4558513,0.37533966;;Palmera;http://mapas.valencia.es/lanzadera/opendata/ARBOLADO_MONUMENTAL/documentos/4268/99110078-210.jpg;;http://localhost/mipetitvalencia/wp-content/uploads/2018/04/arbol.png;39,4558513;0,37533966
168;3;39.44778492,0.39640796;;Palmera;http://mapas.valencia.es/lanzadera/opendata/ARBOLADO_MONUMENTAL/documentos/4269/70500-17.jpg;;http://localhost/mipetitvalencia/wp-content/uploads/2018/04/arbol.png;39,44778492;0,39640796
169;3;39.44727263,0.39646192;;Palmera;http://mapas.valencia.es/lanzadera/opendata/ARBOLADO_MONUMENTAL/documentos/4270/70500-9.jpg;;http://localhost/mipetitvalencia/wp-content/uploads/2018/04/arbol.png;39,44727263;0,39646192
170;3;39.4472267,0.39642224;;Palmera;http://mapas.valencia.es/lanzadera/opendata/ARBOLADO_MONUMENTAL/documentos/4271/70500-7.jpg;;http://localhost/mipetitvalencia/wp-content/uploads/2018/04/arbol.png;39,4472267;0,39642224
171;3;39.44641957,0.39658595;;Palmera;http://mapas.valencia.es/lanzadera/opendata/ARBOLADO_MONUMENTAL/documentos/4272/58020-51.jpg;;http://localhost/mipetitvalencia/wp-content/uploads/2018/04/arbol.png;39,44641957;0,39658595
172;3;39.44632118,0.39661721;;Palmera;http://mapas.valencia.es/lanzadera/opendata/ARBOLADO_MONUMENTAL/documentos/4273/58020-49.jpg;;http://localhost/mipetitvalencia/wp-content/uploads/2018/04/arbol.png;39,44632118;0,39661721
173;3;39.43597491,0.38859461;;Palmera;http://mapas.valencia.es/lanzadera/opendata/ARBOLADO_MONUMENTAL/documentos/4274/33840-1.jpg;;http://localhost/mipetitvalencia/wp-content/uploads/2018/04/arbol.png;39,43597491;0,38859461
174;3;39.47577871,0.33752289;;탍bol;http://mapas.valencia.es/lanzadera/opendata/ARBOLADO_MONUMENTAL/documentos/4275/99402-81.jpg;;http://localhost/mipetitvalencia/wp-content/uploads/2018/04/arbol.png;39,47577871;0,33752289
175;3;39.47517843,0.33766712;;Palmera;http://mapas.valencia.es/lanzadera/opendata/ARBOLADO_MONUMENTAL/documentos/4276/99402-67.jpg;;http://localhost/mipetitvalencia/wp-content/uploads/2018/04/arbol.png;39,47517843;0,33766712
176;3;39.44894949,0.39591356;;탍bol;http://mapas.valencia.es/lanzadera/opendata/ARBOLADO_MONUMENTAL/documentos/4277/99405-2129.jpg;;http://localhost/mipetitvalencia/wp-content/uploads/2018/04/arbol.png;39,44894949;0,39591356
177;3;39.44899006,0.39591495;;탍bol;http://mapas.valencia.es/lanzadera/opendata/ARBOLADO_MONUMENTAL/documentos/4278/99405-2134.jpg;;http://localhost/mipetitvalencia/wp-content/uploads/2018/04/arbol.png;39,44899006;0,39591495
178;3;39.47915367,0.37459699;;Palmera;http://mapas.valencia.es/lanzadera/opendata/ARBOLADO_MONUMENTAL/documentos/4279/99110039-200.jpg;;http://localhost/mipetitvalencia/wp-content/uploads/2018/04/arbol.png;39,47915367;0,37459699
179;3;39.47937993,0.37544073;;탍bol;http://mapas.valencia.es/lanzadera/opendata/ARBOLADO_MONUMENTAL/documentos/4280/99110039-177.jpg;;http://localhost/mipetitvalencia/wp-content/uploads/2018/04/arbol.png;39,47937993;0,37544073
180;3;39.48005075,0.37642324;;Palmera;http://mapas.valencia.es/lanzadera/opendata/ARBOLADO_MONUMENTAL/documentos/4281/99110039-142.jpg;;http://localhost/mipetitvalencia/wp-content/uploads/2018/04/arbol.png;39,48005075;0,37642324
181;3;39.46949994,0.360641;;Palmera;http://mapas.valencia.es/lanzadera/opendata/ARBOLADO_MONUMENTAL/documentos/4282/1290-4.jpg;;http://localhost/mipetitvalencia/wp-content/uploads/2018/04/arbol.png;39,46949994;0,360641
182;3;39.49024758,0.39097863;;Palmera;http://mapas.valencia.es/lanzadera/opendata/ARBOLADO_MONUMENTAL/documentos/4129/12540-334.jpg;;http://localhost/mipetitvalencia/wp-content/uploads/2018/04/arbol.png;39,49024758;0,39097863
183;3;39.48857931,0.36774087;;Palmera;http://mapas.valencia.es/lanzadera/opendata/ARBOLADO_MONUMENTAL/documentos/4130/60990-1.jpg;;http://localhost/mipetitvalencia/wp-content/uploads/2018/04/arbol.png;39,48857931;0,36774087
184;3;39.48875284,0.38559988;;Palmera;http://mapas.valencia.es/lanzadera/opendata/ARBOLADO_MONUMENTAL/documentos/4131/51900-19.jpg;;http://localhost/mipetitvalencia/wp-content/uploads/2018/04/arbol.png;39,48875284;0,38559988
185;3;39.48846405,0.36643143;;Palmera;http://mapas.valencia.es/lanzadera/opendata/ARBOLADO_MONUMENTAL/documentos/4132/1470-9.jpg;;http://localhost/mipetitvalencia/wp-content/uploads/2018/04/arbol.png;39,48846405;0,36643143
186;3;39.48503142,0.37367556;;탍bol;http://mapas.valencia.es/lanzadera/opendata/ARBOLADO_MONUMENTAL/documentos/4133/99109007-109.jpg;;http://localhost/mipetitvalencia/wp-content/uploads/2018/04/arbol.png;39,48503142;0,37367556
187;3;39.47699122,0.38977574;;탍bol;http://mapas.valencia.es/lanzadera/opendata/ARBOLADO_MONUMENTAL/documentos/4134/30000-518.jpg;;http://localhost/mipetitvalencia/wp-content/uploads/2018/04/arbol.png;39,47699122;0,38977574
188;3;39.47811124,0.37271886;;탍bol;http://mapas.valencia.es/lanzadera/opendata/ARBOLADO_MONUMENTAL/documentos/4135/58770-4.jpg;;http://localhost/mipetitvalencia/wp-content/uploads/2018/04/arbol.png;39,47811124;0,37271886
189;3;39.47749499,0.36658829;;Palmera;http://mapas.valencia.es/lanzadera/opendata/ARBOLADO_MONUMENTAL/documentos/4136/41260-15.jpg;;http://localhost/mipetitvalencia/wp-content/uploads/2018/04/arbol.png;39,47749499;0,36658829
190;3;39.47729651,0.36677451;;Palmera;http://mapas.valencia.es/lanzadera/opendata/ARBOLADO_MONUMENTAL/documentos/4137/43320-4.jpg;;http://localhost/mipetitvalencia/wp-content/uploads/2018/04/arbol.png;39,47729651;0,36677451
191;3;39.47601791,0.36700148;;탍bol;http://mapas.valencia.es/lanzadera/opendata/ARBOLADO_MONUMENTAL/documentos/4138/58710-1059.jpg;;http://localhost/mipetitvalencia/wp-content/uploads/2018/04/arbol.png;39,47601791;0,36700148
192;3;39.47654565,0.36637462;;Palmera;http://mapas.valencia.es/lanzadera/opendata/ARBOLADO_MONUMENTAL/documentos/4139/58710-1157.jpg;;http://localhost/mipetitvalencia/wp-content/uploads/2018/04/arbol.png;39,47654565;0,36637462
193;3;39.47660991,0.36642742;;Palmera;http://mapas.valencia.es/lanzadera/opendata/ARBOLADO_MONUMENTAL/documentos/4140/58710-1158.jpg;;http://localhost/mipetitvalencia/wp-content/uploads/2018/04/arbol.png;39,47660991;0,36642742
194;3;39.4766787,0.36648149;;Palmera;http://mapas.valencia.es/lanzadera/opendata/ARBOLADO_MONUMENTAL/documentos/4141/58710-1159.jpg;;http://localhost/mipetitvalencia/wp-content/uploads/2018/04/arbol.png;39,4766787;0,36648149
195;3;39.47650141,0.36645909;;Palmera;http://mapas.valencia.es/lanzadera/opendata/ARBOLADO_MONUMENTAL/documentos/4142/58710-1163.jpg;;http://localhost/mipetitvalencia/wp-content/uploads/2018/04/arbol.png;39,47650141;0,36645909
196;3;39.47641675,0.36638886;;Palmera;http://mapas.valencia.es/lanzadera/opendata/ARBOLADO_MONUMENTAL/documentos/4143/58710-1172.jpg;;http://localhost/mipetitvalencia/wp-content/uploads/2018/04/arbol.png;39,47641675;0,36638886
197;3;39.47635007,0.36653946;;Palmera;http://mapas.valencia.es/lanzadera/opendata/ARBOLADO_MONUMENTAL/documentos/4144/58710-1176.jpg;;http://localhost/mipetitvalencia/wp-content/uploads/2018/04/arbol.png;39,47635007;0,36653946
198;3;39.47528982,0.36527603;;Palmera;http://mapas.valencia.es/lanzadera/opendata/ARBOLADO_MONUMENTAL/documentos/4145/58710-12.jpg;;http://localhost/mipetitvalencia/wp-content/uploads/2018/04/arbol.png;39,47528982;0,36527603
199;3;39.47535978,0.36534334;;Palmera;http://mapas.valencia.es/lanzadera/opendata/ARBOLADO_MONUMENTAL/documentos/4146/58710-11.jpg;;http://localhost/mipetitvalencia/wp-content/uploads/2018/04/arbol.png;39,47535978;0,36534334
200;3;39.47541674,0.365405;;Palmera;http://mapas.valencia.es/lanzadera/opendata/ARBOLADO_MONUMENTAL/documentos/4147/58710-10.jpg;;http://localhost/mipetitvalencia/wp-content/uploads/2018/04/arbol.png;39,47541674;0,365405
201;3;39.47549239,0.3654546;;Palmera;http://mapas.valencia.es/lanzadera/opendata/ARBOLADO_MONUMENTAL/documentos/4148/58710-9.jpg;;http://localhost/mipetitvalencia/wp-content/uploads/2018/04/arbol.png;39,47549239;0,3654546
202;3;39.47618483,0.36599845;;Palmera;http://mapas.valencia.es/lanzadera/opendata/ARBOLADO_MONUMENTAL/documentos/4149/58710-1.jpg;;http://localhost/mipetitvalencia/wp-content/uploads/2018/04/arbol.png;39,47618483;0,36599845
203;3;39.47522588,0.36544393;;탍bol;http://mapas.valencia.es/lanzadera/opendata/ARBOLADO_MONUMENTAL/documentos/4150/58710-1216.jpg;;http://localhost/mipetitvalencia/wp-content/uploads/2018/04/arbol.png;39,47522588;0,36544393
204;3;39.47548797,0.36562071;;Palmera;http://mapas.valencia.es/lanzadera/opendata/ARBOLADO_MONUMENTAL/documentos/4151/58710-1212.jpg;;http://localhost/mipetitvalencia/wp-content/uploads/2018/04/arbol.png;39,47548797;0,36562071
205;3;39.47547403,0.36584862;;Palmera;http://mapas.valencia.es/lanzadera/opendata/ARBOLADO_MONUMENTAL/documentos/4152/58710-1201.jpg;;http://localhost/mipetitvalencia/wp-content/uploads/2018/04/arbol.png;39,47547403;0,36584862
206;3;39.47566712,0.36579214;;Palmera;http://mapas.valencia.es/lanzadera/opendata/ARBOLADO_MONUMENTAL/documentos/4153/58710-1190.jpg;;http://localhost/mipetitvalencia/wp-content/uploads/2018/04/arbol.png;39,47566712;0,36579214
207;3;39.47607887,0.36601643;;Palmera;http://mapas.valencia.es/lanzadera/opendata/ARBOLADO_MONUMENTAL/documentos/4154/58710-1152.jpg;;http://localhost/mipetitvalencia/wp-content/uploads/2018/04/arbol.png;39,47607887;0,36601643
208;3;39.47593466,0.36590124;;Palmera;http://mapas.valencia.es/lanzadera/opendata/ARBOLADO_MONUMENTAL/documentos/4155/58710-1150.jpg;;http://localhost/mipetitvalencia/wp-content/uploads/2018/04/arbol.png;39,47593466;0,36590124
209;3;39.47710286,0.36598117;;탍bol;http://mapas.valencia.es/lanzadera/opendata/ARBOLADO_MONUMENTAL/documentos/4156/41260-182.jpg;;http://localhost/mipetitvalencia/wp-content/uploads/2018/04/arbol.png;39,47710286;0,36598117
210;3;39.4721721,0.36903034;;탍bol;http://mapas.valencia.es/lanzadera/opendata/ARBOLADO_MONUMENTAL/documentos/4157/99110038-4.jpg;;http://localhost/mipetitvalencia/wp-content/uploads/2018/04/arbol.png;39,4721721;0,36903034
211;3;39.47243128,0.36973471;;탍bol;http://mapas.valencia.es/lanzadera/opendata/ARBOLADO_MONUMENTAL/documentos/4158/99110038-11.jpg;;http://localhost/mipetitvalencia/wp-content/uploads/2018/04/arbol.png;39,47243128;0,36973471
212;3;39.47232791,0.36934703;;탍bol;http://mapas.valencia.es/lanzadera/opendata/ARBOLADO_MONUMENTAL/documentos/4159/99110038-101.jpg;;http://localhost/mipetitvalencia/wp-content/uploads/2018/04/arbol.png;39,47232791;0,36934703
213;3;39.47258209,0.36906717;;Palmera;http://mapas.valencia.es/lanzadera/opendata/ARBOLADO_MONUMENTAL/documentos/4160/99110038-109.jpg;;http://localhost/mipetitvalencia/wp-content/uploads/2018/04/arbol.png;39,47258209;0,36906717
214;3;39.47273335,0.36914255;;Palmera;http://mapas.valencia.es/lanzadera/opendata/ARBOLADO_MONUMENTAL/documentos/4161/99110038-114.jpg;;http://localhost/mipetitvalencia/wp-content/uploads/2018/04/arbol.png;39,47273335;0,36914255
215;3;39.47267448,0.36912913;;Palmera;http://mapas.valencia.es/lanzadera/opendata/ARBOLADO_MONUMENTAL/documentos/4162/99110038-113.jpg;;http://localhost/mipetitvalencia/wp-content/uploads/2018/04/arbol.png;39,47267448;0,36912913
216;3;39.47262701,0.36918848;;Palmera;http://mapas.valencia.es/lanzadera/opendata/ARBOLADO_MONUMENTAL/documentos/4163/99110038-111.jpg;;http://localhost/mipetitvalencia/wp-content/uploads/2018/04/arbol.png;39,47262701;0,36918848
217;3;39.47266345,0.36926338;;Palmera;http://mapas.valencia.es/lanzadera/opendata/ARBOLADO_MONUMENTAL/documentos/4164/99110038-116.jpg;;http://localhost/mipetitvalencia/wp-content/uploads/2018/04/arbol.png;39,47266345;0,36926338
218;3;39.47262685,0.37061365;;Palmera;http://mapas.valencia.es/lanzadera/opendata/ARBOLADO_MONUMENTAL/documentos/4165/99110008-2.jpg;;http://localhost/mipetitvalencia/wp-content/uploads/2018/04/arbol.png;39,47262685;0,37061365
219;3;39.47242829,0.37059716;;Palmera;http://mapas.valencia.es/lanzadera/opendata/ARBOLADO_MONUMENTAL/documentos/4166/99110008-8.jpg;;http://localhost/mipetitvalencia/wp-content/uploads/2018/04/arbol.png;39,47242829;0,37059716
220;3;39.4724072,0.37046137;;Palmera;http://mapas.valencia.es/lanzadera/opendata/ARBOLADO_MONUMENTAL/documentos/4167/99110008-72.jpg;;http://localhost/mipetitvalencia/wp-content/uploads/2018/04/arbol.png;39,4724072;0,37046137
221;3;39.47226916,0.3703329;;탍bol;http://mapas.valencia.es/lanzadera/opendata/ARBOLADO_MONUMENTAL/documentos/4168/99110008-71.jpg;;http://localhost/mipetitvalencia/wp-content/uploads/2018/04/arbol.png;39,47226916;0,3703329
222;3;39.47202756,0.37040521;;Palmera;http://mapas.valencia.es/lanzadera/opendata/ARBOLADO_MONUMENTAL/documentos/4169/99110008-61.jpg;;http://localhost/mipetitvalencia/wp-content/uploads/2018/04/arbol.png;39,47202756;0,37040521
223;3;39.47297324,0.36467127;;탍bol;http://mapas.valencia.es/lanzadera/opendata/ARBOLADO_MONUMENTAL/documentos/4170/58710-940.jpg;;http://localhost/mipetitvalencia/wp-content/uploads/2018/04/arbol.png;39,47297324;0,36467127
224;3;39.47302838,0.36474477;;탍bol;http://mapas.valencia.es/lanzadera/opendata/ARBOLADO_MONUMENTAL/documentos/4171/58710-943.jpg;;http://localhost/mipetitvalencia/wp-content/uploads/2018/04/arbol.png;39,47302838;0,36474477
225;3;39.47496595,0.36629722;;Palmera;http://mapas.valencia.es/lanzadera/opendata/ARBOLADO_MONUMENTAL/documentos/4172/58710-1031.jpg;;http://localhost/mipetitvalencia/wp-content/uploads/2018/04/arbol.png;39,47496595;0,36629722
226;3;39.4741999,0.3644853;;Palmera;http://mapas.valencia.es/lanzadera/opendata/ARBOLADO_MONUMENTAL/documentos/4173/58710-1132.jpg;;http://localhost/mipetitvalencia/wp-content/uploads/2018/04/arbol.png;39,4741999;0,3644853
227;3;39.47433983,0.36461766;;Palmera;http://mapas.valencia.es/lanzadera/opendata/ARBOLADO_MONUMENTAL/documentos/4174/58710-1133.jpg;;http://localhost/mipetitvalencia/wp-content/uploads/2018/04/arbol.png;39,47433983;0,36461766
228;3;39.47462959,0.36484108;;Palmera;http://mapas.valencia.es/lanzadera/opendata/ARBOLADO_MONUMENTAL/documentos/4175/58710-1137.jpg;;http://localhost/mipetitvalencia/wp-content/uploads/2018/04/arbol.png;39,47462959;0,36484108
229;3;39.47470138,0.36489723;;Palmera;http://mapas.valencia.es/lanzadera/opendata/ARBOLADO_MONUMENTAL/documentos/4176/58710-1138.jpg;;http://localhost/mipetitvalencia/wp-content/uploads/2018/04/arbol.png;39,47470138;0,36489723
230;3;39.47491183,0.36507128;;Palmera;http://mapas.valencia.es/lanzadera/opendata/ARBOLADO_MONUMENTAL/documentos/4177/58710-1139.jpg;;http://localhost/mipetitvalencia/wp-content/uploads/2018/04/arbol.png;39,47491183;0,36507128
231;3;39.47494144,0.36521637;;탍bol;http://mapas.valencia.es/lanzadera/opendata/ARBOLADO_MONUMENTAL/documentos/4178/58710-1217.jpg;;http://localhost/mipetitvalencia/wp-content/uploads/2018/04/arbol.png;39,47494144;0,36521637
232;3;39.47477866,0.36506932;;Palmera;http://mapas.valencia.es/lanzadera/opendata/ARBOLADO_MONUMENTAL/documentos/4179/58710-1219.jpg;;http://localhost/mipetitvalencia/wp-content/uploads/2018/04/arbol.png;39,47477866;0,36506932
233;3;39.47471125,0.36521125;;Palmera;http://mapas.valencia.es/lanzadera/opendata/ARBOLADO_MONUMENTAL/documentos/4180/58710-1220.jpg;;http://localhost/mipetitvalencia/wp-content/uploads/2018/04/arbol.png;39,47471125;0,36521125
234;3;39.47446618,0.36499738;;Palmera;http://mapas.valencia.es/lanzadera/opendata/ARBOLADO_MONUMENTAL/documentos/4181/58710-1222.jpg;;http://localhost/mipetitvalencia/wp-content/uploads/2018/04/arbol.png;39,47446618;0,36499738
235;3;39.47450161,0.36485278;;Palmera;http://mapas.valencia.es/lanzadera/opendata/ARBOLADO_MONUMENTAL/documentos/4182/58710-1223.jpg;;http://localhost/mipetitvalencia/wp-content/uploads/2018/04/arbol.png;39,47450161;0,36485278
236;3;39.474402,0.36494822;;Palmera;http://mapas.valencia.es/lanzadera/opendata/ARBOLADO_MONUMENTAL/documentos/4183/58710-1224.jpg;;http://localhost/mipetitvalencia/wp-content/uploads/2018/04/arbol.png;39,474402;0,36494822
237;3;39.47417524,0.36460016;;탍bol;http://mapas.valencia.es/lanzadera/opendata/ARBOLADO_MONUMENTAL/documentos/4184/58710-1231.jpg;;http://localhost/mipetitvalencia/wp-content/uploads/2018/04/arbol.png;39,47417524;0,36460016
238;3;39.47385697,0.36410608;;Palmera;http://mapas.valencia.es/lanzadera/opendata/ARBOLADO_MONUMENTAL/documentos/4185/58710-22.jpg;;http://localhost/mipetitvalencia/wp-content/uploads/2018/04/arbol.png;39,47385697;0,36410608
239;3;39.47324416,0.36362959;;Palmera;http://mapas.valencia.es/lanzadera/opendata/ARBOLADO_MONUMENTAL/documentos/4186/58710-24.jpg;;http://localhost/mipetitvalencia/wp-content/uploads/2018/04/arbol.png;39,47324416;0,36362959
240;3;39.47443132,0.36458452;;Palmera;http://mapas.valencia.es/lanzadera/opendata/ARBOLADO_MONUMENTAL/documentos/4187/58710-19.jpg;;http://localhost/mipetitvalencia/wp-content/uploads/2018/04/arbol.png;39,47443132;0,36458452
241;3;39.47437748,0.36454457;;Palmera;http://mapas.valencia.es/lanzadera/opendata/ARBOLADO_MONUMENTAL/documentos/4188/58710-20.jpg;;http://localhost/mipetitvalencia/wp-content/uploads/2018/04/arbol.png;39,47437748;0,36454457
242;3;39.47365152,0.36435002;;Palmera;http://mapas.valencia.es/lanzadera/opendata/ARBOLADO_MONUMENTAL/documentos/4189/58710-1323.jpg;;http://localhost/mipetitvalencia/wp-content/uploads/2018/04/arbol.png;39,47365152;0,36435002
243;3;39.47374714,0.36412591;;Palmera;http://mapas.valencia.es/lanzadera/opendata/ARBOLADO_MONUMENTAL/documentos/4190/58710-1328.jpg;;http://localhost/mipetitvalencia/wp-content/uploads/2018/04/arbol.png;39,47374714;0,36412591
244;3;39.47371045,0.36409678;;Palmera;http://mapas.valencia.es/lanzadera/opendata/ARBOLADO_MONUMENTAL/documentos/4191/58710-1329.jpg;;http://localhost/mipetitvalencia/wp-content/uploads/2018/04/arbol.png;39,47371045;0,36409678
245;3;39.47351467,0.36422256;;Palmera;http://mapas.valencia.es/lanzadera/opendata/ARBOLADO_MONUMENTAL/documentos/4192/58710-1330.jpg;;http://localhost/mipetitvalencia/wp-content/uploads/2018/04/arbol.png;39,47351467;0,36422256
246;3;39.47365232,0.3640485;;Palmera;http://mapas.valencia.es/lanzadera/opendata/ARBOLADO_MONUMENTAL/documentos/4193/58710-1331.jpg;;http://localhost/mipetitvalencia/wp-content/uploads/2018/04/arbol.png;39,47365232;0,3640485
247;3;39.47334927,0.36390257;;Palmera;http://mapas.valencia.es/lanzadera/opendata/ARBOLADO_MONUMENTAL/documentos/4194/58710-1340.jpg;;http://localhost/mipetitvalencia/wp-content/uploads/2018/04/arbol.png;39,47334927;0,36390257
248;3;39.47327987,0.36402423;;Palmera;http://mapas.valencia.es/lanzadera/opendata/ARBOLADO_MONUMENTAL/documentos/4195/58710-1341.jpg;;http://localhost/mipetitvalencia/wp-content/uploads/2018/04/arbol.png;39,47327987;0,36402423
249;3;39.47278705,0.36360934;;Palmera;http://mapas.valencia.es/lanzadera/opendata/ARBOLADO_MONUMENTAL/documentos/4196/58710-1355.jpg;;http://localhost/mipetitvalencia/wp-content/uploads/2018/04/arbol.png;39,47278705;0,36360934
250;3;39.47214478,0.36300482;;탍bol;http://mapas.valencia.es/lanzadera/opendata/ARBOLADO_MONUMENTAL/documentos/4197/58710-1364.jpg;;http://localhost/mipetitvalencia/wp-content/uploads/2018/04/arbol.png;39,47214478;0,36300482
251;3;39.47414318,0.36546127;;탍bol;http://mapas.valencia.es/lanzadera/opendata/ARBOLADO_MONUMENTAL/documentos/4198/58710-997.jpg;;http://localhost/mipetitvalencia/wp-content/uploads/2018/04/arbol.png;39,47414318;0,36546127
252;3;39.46995222,0.38863258;;Palmera;http://mapas.valencia.es/lanzadera/opendata/ARBOLADO_MONUMENTAL/documentos/4199/5550-4.jpg;;http://localhost/mipetitvalencia/wp-content/uploads/2018/04/arbol.png;39,46995222;0,38863258
253;3;39.47174148,0.3707015;;Palmera;http://mapas.valencia.es/lanzadera/opendata/ARBOLADO_MONUMENTAL/documentos/4200/99110008-28.jpg;;http://localhost/mipetitvalencia/wp-content/uploads/2018/04/arbol.png;39,47174148;0,3707015
254;3;39.47162952,0.37073042;;Palmera;http://mapas.valencia.es/lanzadera/opendata/ARBOLADO_MONUMENTAL/documentos/4201/99110008-31.jpg;;http://localhost/mipetitvalencia/wp-content/uploads/2018/04/arbol.png;39,47162952;0,37073042
255;3;39.46866156,0.3647619;;Palmera;http://mapas.valencia.es/lanzadera/opendata/ARBOLADO_MONUMENTAL/documentos/4202/46320-415.jpg;;http://localhost/mipetitvalencia/wp-content/uploads/2018/04/arbol.png;39,46866156;0,3647619
256;3;39.47074877,0.35593566;;탍bol;http://mapas.valencia.es/lanzadera/opendata/ARBOLADO_MONUMENTAL/documentos/4203/81631-1.jpg;;http://localhost/mipetitvalencia/wp-content/uploads/2018/04/arbol.png;39,47074877;0,35593566
257;3;39.46533468,0.37262302;;Palmera;http://mapas.valencia.es/lanzadera/opendata/ARBOLADO_MONUMENTAL/documentos/4204/46320-177.jpg;;http://localhost/mipetitvalencia/wp-content/uploads/2018/04/arbol.png;39,46533468;0,37262302
258;3;39.46543984,0.3726917;;Palmera;http://mapas.valencia.es/lanzadera/opendata/ARBOLADO_MONUMENTAL/documentos/4205/46320-178.jpg;;http://localhost/mipetitvalencia/wp-content/uploads/2018/04/arbol.png;39,46543984;0,3726917
259;3;39.46594465,0.37151115;;Palmera;http://mapas.valencia.es/lanzadera/opendata/ARBOLADO_MONUMENTAL/documentos/4206/46320-209.jpg;;http://localhost/mipetitvalencia/wp-content/uploads/2018/04/arbol.png;39,46594465;0,37151115
260;3;39.46596173,0.37146983;;Palmera;http://mapas.valencia.es/lanzadera/opendata/ARBOLADO_MONUMENTAL/documentos/4207/46320-210.jpg;;http://localhost/mipetitvalencia/wp-content/uploads/2018/04/arbol.png;39,46596173;0,37146983
261;3;39.4660561,0.37126071;;탍bol;http://mapas.valencia.es/lanzadera/opendata/ARBOLADO_MONUMENTAL/documentos/4208/46320-215.jpg;;http://localhost/mipetitvalencia/wp-content/uploads/2018/04/arbol.png;39,4660561;0,37126071
262;3;39.46593718,0.37118092;;탍bol;http://mapas.valencia.es/lanzadera/opendata/ARBOLADO_MONUMENTAL/documentos/4209/46320-216.jpg;;http://localhost/mipetitvalencia/wp-content/uploads/2018/04/arbol.png;39,46593718;0,37118092
263;3;39.46599701,0.37103774;;탍bol;http://mapas.valencia.es/lanzadera/opendata/ARBOLADO_MONUMENTAL/documentos/4210/46320-217.jpg;;http://localhost/mipetitvalencia/wp-content/uploads/2018/04/arbol.png;39,46599701;0,37103774
264;3;39.46611146,0.37111915;;탍bol;http://mapas.valencia.es/lanzadera/opendata/ARBOLADO_MONUMENTAL/documentos/4211/46320-218.jpg;;http://localhost/mipetitvalencia/wp-content/uploads/2018/04/arbol.png;39,46611146;0,37111915
265;3;39.46618543,0.37096247;;Palmera;http://mapas.valencia.es/lanzadera/opendata/ARBOLADO_MONUMENTAL/documentos/4212/46320-220.jpg;;http://localhost/mipetitvalencia/wp-content/uploads/2018/04/arbol.png;39,46618543;0,37096247
266;3;39.46607976,0.37088107;;Palmera;http://mapas.valencia.es/lanzadera/opendata/ARBOLADO_MONUMENTAL/documentos/4213/46320-223.jpg;;http://localhost/mipetitvalencia/wp-content/uploads/2018/04/arbol.png;39,46607976;0,37088107
267;3;39.46607507,0.37085169;;Palmera;http://mapas.valencia.es/lanzadera/opendata/ARBOLADO_MONUMENTAL/documentos/4214/46320-225.jpg;;http://localhost/mipetitvalencia/wp-content/uploads/2018/04/arbol.png;39,46607507;0,37085169
268;3;39.4660836,0.37083031;;Palmera;http://mapas.valencia.es/lanzadera/opendata/ARBOLADO_MONUMENTAL/documentos/4215/46320-226.jpg;;http://localhost/mipetitvalencia/wp-content/uploads/2018/04/arbol.png;39,4660836;0,37083031
269;3;39.46620642,0.37092626;;Palmera;http://mapas.valencia.es/lanzadera/opendata/ARBOLADO_MONUMENTAL/documentos/4216/46320-228.jpg;;http://localhost/mipetitvalencia/wp-content/uploads/2018/04/arbol.png;39,46620642;0,37092626
270;3;39.46654071,0.36978524;;Palmera;http://mapas.valencia.es/lanzadera/opendata/ARBOLADO_MONUMENTAL/documentos/4217/46320-258.jpg;;http://localhost/mipetitvalencia/wp-content/uploads/2018/04/arbol.png;39,46654071;0,36978524
271;3;39.46671811,0.36966233;;Palmera;http://mapas.valencia.es/lanzadera/opendata/ARBOLADO_MONUMENTAL/documentos/4218/46320-264.jpg;;http://localhost/mipetitvalencia/wp-content/uploads/2018/04/arbol.png;39,46671811;0,36966233
272;3;39.46691979,0.36921961;;Palmera;http://mapas.valencia.es/lanzadera/opendata/ARBOLADO_MONUMENTAL/documentos/4219/46320-276.jpg;;http://localhost/mipetitvalencia/wp-content/uploads/2018/04/arbol.png;39,46691979;0,36921961
273;3;39.46682999,0.36903339;;Palmera;http://mapas.valencia.es/lanzadera/opendata/ARBOLADO_MONUMENTAL/documentos/4220/46320-278.jpg;;http://localhost/mipetitvalencia/wp-content/uploads/2018/04/arbol.png;39,46682999;0,36903339
274;3;39.46770039,0.36729055;;Palmera;http://mapas.valencia.es/lanzadera/opendata/ARBOLADO_MONUMENTAL/documentos/4221/46320-332.jpg;;http://localhost/mipetitvalencia/wp-content/uploads/2018/04/arbol.png;39,46770039;0,36729055
275;3;39.46782418,0.36698877;;Palmera;http://mapas.valencia.es/lanzadera/opendata/ARBOLADO_MONUMENTAL/documentos/4222/46320-340.jpg;;http://localhost/mipetitvalencia/wp-content/uploads/2018/04/arbol.png;39,46782418;0,36698877
276;3;39.46775084,0.3669327;;Palmera;http://mapas.valencia.es/lanzadera/opendata/ARBOLADO_MONUMENTAL/documentos/4223/46320-341.jpg;;http://localhost/mipetitvalencia/wp-content/uploads/2018/04/arbol.png;39,46775084;0,3669327
277;3;39.46785147,0.36700009;;Palmera;http://mapas.valencia.es/lanzadera/opendata/ARBOLADO_MONUMENTAL/documentos/4224/46320-342.jpg;;http://localhost/mipetitvalencia/wp-content/uploads/2018/04/arbol.png;39,46785147;0,36700009
278;3;39.46772781,0.36691032;;Palmera;http://mapas.valencia.es/lanzadera/opendata/ARBOLADO_MONUMENTAL/documentos/4225/46320-343.jpg;;http://localhost/mipetitvalencia/wp-content/uploads/2018/04/arbol.png;39,46772781;0,36691032
279;3;39.46786425,0.36696765;;Palmera;http://mapas.valencia.es/lanzadera/opendata/ARBOLADO_MONUMENTAL/documentos/4226/46320-344.jpg;;http://localhost/mipetitvalencia/wp-content/uploads/2018/04/arbol.png;39,46786425;0,36696765
280;3;39.46790726,0.36687812;;Palmera;http://mapas.valencia.es/lanzadera/opendata/ARBOLADO_MONUMENTAL/documentos/4227/46320-346.jpg;;http://localhost/mipetitvalencia/wp-content/uploads/2018/04/arbol.png;39,46790726;0,36687812
281;3;39.46779616,0.36674574;;Palmera;http://mapas.valencia.es/lanzadera/opendata/ARBOLADO_MONUMENTAL/documentos/4228/46320-349.jpg;;http://localhost/mipetitvalencia/wp-content/uploads/2018/04/arbol.png;39,46779616;0,36674574
282;3;39.46810933,0.36605543;;Palmera;http://mapas.valencia.es/lanzadera/opendata/ARBOLADO_MONUMENTAL/documentos/4229/46320-375.jpg;;http://localhost/mipetitvalencia/wp-content/uploads/2018/04/arbol.png;39,46810933;0,36605543
283;3;39.46820542,0.36612155;;Palmera;http://mapas.valencia.es/lanzadera/opendata/ARBOLADO_MONUMENTAL/documentos/4230/46320-374.jpg;;http://localhost/mipetitvalencia/wp-content/uploads/2018/04/arbol.png;39,46820542;0,36612155
284;3;39.46809212,0.36609095;;Palmera;http://mapas.valencia.es/lanzadera/opendata/ARBOLADO_MONUMENTAL/documentos/4231/46320-373.jpg;;http://localhost/mipetitvalencia/wp-content/uploads/2018/04/arbol.png;39,46809212;0,36609095
285;3;39.46819271,0.3661569;;Palmera;http://mapas.valencia.es/lanzadera/opendata/ARBOLADO_MONUMENTAL/documentos/4232/46320-372.jpg;;http://localhost/mipetitvalencia/wp-content/uploads/2018/04/arbol.png;39,46819271;0,3661569
286;3;39.46808378,0.36612032;;Palmera;http://mapas.valencia.es/lanzadera/opendata/ARBOLADO_MONUMENTAL/documentos/4233/46320-369.jpg;;http://localhost/mipetitvalencia/wp-content/uploads/2018/04/arbol.png;39,46808378;0,36612032
287;3;39.46817988,0.36618716;;Palmera;http://mapas.valencia.es/lanzadera/opendata/ARBOLADO_MONUMENTAL/documentos/4234/46320-368.jpg;;http://localhost/mipetitvalencia/wp-content/uploads/2018/04/arbol.png;39,46817988;0,36618716
288;3;39.4635717,0.36697264;;Palmera;http://mapas.valencia.es/lanzadera/opendata/ARBOLADO_MONUMENTAL/documentos/4235/38670-331.jpg;;http://localhost/mipetitvalencia/wp-content/uploads/2018/04/arbol.png;39,4635717;0,36697264
289;3;39.46354333,0.36711246;;Palmera;http://mapas.valencia.es/lanzadera/opendata/ARBOLADO_MONUMENTAL/documentos/4236/38670-330.jpg;;http://localhost/mipetitvalencia/wp-content/uploads/2018/04/arbol.png;39,46354333;0,36711246
290;3;39.46363205,0.36725076;;Palmera;http://mapas.valencia.es/lanzadera/opendata/ARBOLADO_MONUMENTAL/documentos/4237/38670-327.jpg;;http://localhost/mipetitvalencia/wp-content/uploads/2018/04/arbol.png;39,46363205;0,36725076
291;3;39.46365208,0.36733935;;Palmera;http://mapas.valencia.es/lanzadera/opendata/ARBOLADO_MONUMENTAL/documentos/4238/38670-325.jpg;;http://localhost/mipetitvalencia/wp-content/uploads/2018/04/arbol.png;39,46365208;0,36733935
292;3;39.46361405,0.36745047;;Palmera;http://mapas.valencia.es/lanzadera/opendata/ARBOLADO_MONUMENTAL/documentos/4239/38670-324.jpg;;http://localhost/mipetitvalencia/wp-content/uploads/2018/04/arbol.png;39,46361405;0,36745047
293;3;39.46371249,0.36762037;;Palmera;http://mapas.valencia.es/lanzadera/opendata/ARBOLADO_MONUMENTAL/documentos/4240/38670-319.jpg;;http://localhost/mipetitvalencia/wp-content/uploads/2018/04/arbol.png;39,46371249;0,36762037
294;3;39.46373237,0.36770243;;Palmera;http://mapas.valencia.es/lanzadera/opendata/ARBOLADO_MONUMENTAL/documentos/4241/38670-317.jpg;;http://localhost/mipetitvalencia/wp-content/uploads/2018/04/arbol.png;39,46373237;0,36770243
295;3;39.46382825,0.36815717;;Palmera;http://mapas.valencia.es/lanzadera/opendata/ARBOLADO_MONUMENTAL/documentos/4242/38670-309.jpg;;http://localhost/mipetitvalencia/wp-content/uploads/2018/04/arbol.png;39,46382825;0,36815717
296;3;39.46391868,0.36856998;;Palmera;http://mapas.valencia.es/lanzadera/opendata/ARBOLADO_MONUMENTAL/documentos/4243/38670-301.jpg;;http://localhost/mipetitvalencia/wp-content/uploads/2018/04/arbol.png;39,46391868;0,36856998
297;3;39.46395861,0.36874209;;Palmera;http://mapas.valencia.es/lanzadera/opendata/ARBOLADO_MONUMENTAL/documentos/4244/38670-297.jpg;;http://localhost/mipetitvalencia/wp-content/uploads/2018/04/arbol.png;39,46395861;0,36874209
298;3;39.46404914,0.36915926;;Palmera;http://mapas.valencia.es/lanzadera/opendata/ARBOLADO_MONUMENTAL/documentos/4245/38670-287.jpg;;http://localhost/mipetitvalencia/wp-content/uploads/2018/04/arbol.png;39,46404914;0,36915926
299;3;39.4641195,0.36948131;;Palmera;http://mapas.valencia.es/lanzadera/opendata/ARBOLADO_MONUMENTAL/documentos/4246/38670-283.jpg;;http://localhost/mipetitvalencia/wp-content/uploads/2018/04/arbol.png;39,4641195;0,36948131
300;3;39.46428042,0.37022271;;Palmera;http://mapas.valencia.es/lanzadera/opendata/ARBOLADO_MONUMENTAL/documentos/4247/38670-271.jpg;;http://localhost/mipetitvalencia/wp-content/uploads/2018/04/arbol.png;39,46428042;0,37022271
301;3;39.46439602,0.37075299;;Palmera;http://mapas.valencia.es/lanzadera/opendata/ARBOLADO_MONUMENTAL/documentos/4248/38670-257.jpg;;http://localhost/mipetitvalencia/wp-content/uploads/2018/04/arbol.png;39,46439602;0,37075299
302;3;39.46443608,0.37093091;;Palmera;http://mapas.valencia.es/lanzadera/opendata/ARBOLADO_MONUMENTAL/documentos/4249/38670-253.jpg;;http://localhost/mipetitvalencia/wp-content/uploads/2018/04/arbol.png;39,46443608;0,37093091
303;3;39.46448679,0.37118179;;Palmera;http://mapas.valencia.es/lanzadera/opendata/ARBOLADO_MONUMENTAL/documentos/4250/38670-249.jpg;;http://localhost/mipetitvalencia/wp-content/uploads/2018/04/arbol.png;39,46448679;0,37118179
304;3;39.46457199,0.37156284;;Palmera;http://mapas.valencia.es/lanzadera/opendata/ARBOLADO_MONUMENTAL/documentos/4251/38670-245.jpg;;http://localhost/mipetitvalencia/wp-content/uploads/2018/04/arbol.png;39,46457199;0,37156284
305;3;39.4646673,0.37199292;;Palmera;http://mapas.valencia.es/lanzadera/opendata/ARBOLADO_MONUMENTAL/documentos/4252/38670-237.jpg;;http://localhost/mipetitvalencia/wp-content/uploads/2018/04/arbol.png;39,4646673;0,37199292
306;3;39.46470281,0.37216883;;Palmera;http://mapas.valencia.es/lanzadera/opendata/ARBOLADO_MONUMENTAL/documentos/4253/38670-233.jpg;;http://localhost/mipetitvalencia/wp-content/uploads/2018/04/arbol.png;39,46470281;0,37216883
307;3;39.46470281,0.37216883;;Palmera;http://mapas.valencia.es/lanzadera/opendata/ARBOLADO_MONUMENTAL/documentos/4254/38670-402.jpg;;http://localhost/mipetitvalencia/wp-content/uploads/2018/04/arbol.png;39,46470281;0,37216883
308;3;39.46266884,0.3631111;;Palmera;http://mapas.valencia.es/lanzadera/opendata/ARBOLADO_MONUMENTAL/documentos/4255/38670-400.jpg;;http://localhost/mipetitvalencia/wp-content/uploads/2018/04/arbol.png;39,46266884;0,3631111
309;3;39.46282267,0.36353821;;Palmera;http://mapas.valencia.es/lanzadera/opendata/ARBOLADO_MONUMENTAL/documentos/4256/38670-395.jpg;;http://localhost/mipetitvalencia/wp-content/uploads/2018/04/arbol.png;39,46282267;0,36353821
310;3;39.46280475,0.36374083;;Palmera;http://mapas.valencia.es/lanzadera/opendata/ARBOLADO_MONUMENTAL/documentos/4257/38670-392.jpg;;http://localhost/mipetitvalencia/wp-content/uploads/2018/04/arbol.png;39,46280475;0,36374083
311;3;39.46284478,0.36391727;;Palmera;http://mapas.valencia.es/lanzadera/opendata/ARBOLADO_MONUMENTAL/documentos/4258/38670-388.jpg;;http://localhost/mipetitvalencia/wp-content/uploads/2018/04/arbol.png;39,46284478;0,36391727
312;3;39.46290283,0.36389474;;Palmera;http://mapas.valencia.es/lanzadera/opendata/ARBOLADO_MONUMENTAL/documentos/4259/38670-387.jpg;;http://localhost/mipetitvalencia/wp-content/uploads/2018/04/arbol.png;39,46290283;0,36389474
313;3;39.50294969,0.38277441;;탍bol;http://mapas.valencia.es/lanzadera/opendata/ARBOLADO_MONUMENTAL/documentos/4283/99100270-1.jpg;;http://localhost/mipetitvalencia/wp-content/uploads/2018/04/arbol.png;39,50294969;0,38277441
314;3;39.46940362,0.35086659;;Palmera;http://mapas.valencia.es/lanzadera/opendata/ARBOLADO_MONUMENTAL/documentos/4284/99100311-32.jpg;;http://localhost/mipetitvalencia/wp-content/uploads/2018/04/arbol.png;39,46940362;0,35086659
315;3;39.46963423,0.35169616;;Palmera;http://mapas.valencia.es/lanzadera/opendata/ARBOLADO_MONUMENTAL/documentos/4285/61710-26.jpg;;http://localhost/mipetitvalencia/wp-content/uploads/2018/04/arbol.png;39,46963423;0,35169616
316;3;39.47028582,0.35380288;;Palmera;http://mapas.valencia.es/lanzadera/opendata/ARBOLADO_MONUMENTAL/documentos/4286/61710-3.jpg;;http://localhost/mipetitvalencia/wp-content/uploads/2018/04/arbol.png;39,47028582;0,35380288
317;3;39.46639005,0.34967415;;Palmera;http://mapas.valencia.es/lanzadera/opendata/ARBOLADO_MONUMENTAL/documentos/4287/25950-11.jpg;;http://localhost/mipetitvalencia/wp-content/uploads/2018/04/arbol.png;39,46639005;0,34967415
318;3;39.46490875,0.34338685;;탍bol;http://mapas.valencia.es/lanzadera/opendata/ARBOLADO_MONUMENTAL/documentos/4288/99100330-77.jpg;;http://localhost/mipetitvalencia/wp-content/uploads/2018/04/arbol.png;39,46490875;0,34338685
319;3;39.46329619,0.35819677;;Palmera;http://mapas.valencia.es/lanzadera/opendata/ARBOLADO_MONUMENTAL/documentos/4289/99100562-106.jpg;;http://localhost/mipetitvalencia/wp-content/uploads/2018/04/arbol.png;39,46329619;0,35819677
320;3;39.46225708,0.35767518;;Palmera;http://mapas.valencia.es/lanzadera/opendata/ARBOLADO_MONUMENTAL/documentos/4290/99100562-234.jpg;;http://localhost/mipetitvalencia/wp-content/uploads/2018/04/arbol.png;39,46225708;0,35767518
321;3;39.46413384,0.34219747;;Palmera;http://mapas.valencia.es/lanzadera/opendata/ARBOLADO_MONUMENTAL/documentos/4291/44250-13.jpg;;http://localhost/mipetitvalencia/wp-content/uploads/2018/04/arbol.png;39,46413384;0,34219747
322;3;39.4777556,0.32846986;;Palmera;http://mapas.valencia.es/lanzadera/opendata/ARBOLADO_MONUMENTAL/documentos/4292/68340-18.jpg;;http://localhost/mipetitvalencia/wp-content/uploads/2018/04/arbol.png;39,4777556;0,32846986
323;3;39.47808173,0.32717724;;Palmera;http://mapas.valencia.es/lanzadera/opendata/ARBOLADO_MONUMENTAL/documentos/4293/81354-3.jpg;;http://localhost/mipetitvalencia/wp-content/uploads/2018/04/arbol.png;39,47808173;0,32717724
324;3;39.47886501,0.32950846;;Palmera;http://mapas.valencia.es/lanzadera/opendata/ARBOLADO_MONUMENTAL/documentos/4294/54300-21.jpg;;http://localhost/mipetitvalencia/wp-content/uploads/2018/04/arbol.png;39,47886501;0,32950846
325;3;39.47524918,0.33544716;;Palmera;http://mapas.valencia.es/lanzadera/opendata/ARBOLADO_MONUMENTAL/documentos/4295/37380-50.jpg;;http://localhost/mipetitvalencia/wp-content/uploads/2018/04/arbol.png;39,47524918;0,33544716
326;3;39.47201376,0.32773727;;Palmera;http://mapas.valencia.es/lanzadera/opendata/ARBOLADO_MONUMENTAL/documentos/4296/24360-32.jpg;;http://localhost/mipetitvalencia/wp-content/uploads/2018/04/arbol.png;39,47201376;0,32773727
327;3;39.46870502,0.32821409;;Palmera;http://mapas.valencia.es/lanzadera/opendata/ARBOLADO_MONUMENTAL/documentos/4297/24360-16.jpg;;http://localhost/mipetitvalencia/wp-content/uploads/2018/04/arbol.png;39,46870502;0,32821409
328;3;39.46903001,0.3262846;;Palmera;http://mapas.valencia.es/lanzadera/opendata/ARBOLADO_MONUMENTAL/documentos/4298/36030-119.jpg;;http://localhost/mipetitvalencia/wp-content/uploads/2018/04/arbol.png;39,46903001;0,3262846
329;3;39.46532607,0.32857586;;Palmera;http://mapas.valencia.es/lanzadera/opendata/ARBOLADO_MONUMENTAL/documentos/4299/24360-40.jpg;;http://localhost/mipetitvalencia/wp-content/uploads/2018/04/arbol.png;39,46532607;0,32857586
330;3;39.46686459,0.3284901;;Palmera;http://mapas.valencia.es/lanzadera/opendata/ARBOLADO_MONUMENTAL/documentos/4300/24360-11.jpg;;http://localhost/mipetitvalencia/wp-content/uploads/2018/04/arbol.png;39,46686459;0,3284901
331;3;39.44973826,0.33355636;;Palmera;http://mapas.valencia.es/lanzadera/opendata/ARBOLADO_MONUMENTAL/documentos/4301/4800-23.jpg;;http://localhost/mipetitvalencia/wp-content/uploads/2018/04/arbol.png;39,44973826;0,33355636
332;3;39.44986381,0.33281352;;Palmera;http://mapas.valencia.es/lanzadera/opendata/ARBOLADO_MONUMENTAL/documentos/4302/55710-77.jpg;;http://localhost/mipetitvalencia/wp-content/uploads/2018/04/arbol.png;39,44986381;0,33281352
333;3;39.47885687,0.32951362;;Palmera;http://mapas.valencia.es/lanzadera/opendata/ARBOLADO_MONUMENTAL/documentos/4303/54300-32.jpg;;http://localhost/mipetitvalencia/wp-content/uploads/2018/04/arbol.png;39,47885687;0,32951362
334;3;39.46548368,0.34845528;;Palmera;http://mapas.valencia.es/lanzadera/opendata/ARBOLADO_MONUMENTAL/documentos/4304/41340-100.jpg;;http://localhost/mipetitvalencia/wp-content/uploads/2018/04/arbol.png;39,46548368;0,34845528
